ionizable_ratio,helper_ratio,sterol_ratio,peg_ratio,particle_size_nm,ionizable_4A3-SC8,ionizable_A2-Iso5-2DC18,ionizable_ALC-0315,ionizable_AX4,ionizable_C12-200,ionizable_Custom lipid,ionizable_DLin-KC2-DMA,ionizable_DLin-MC3-DMA,ionizable_DLinDMA,ionizable_DODAP,ionizable_DOTAP,ionizable_DOTMA,ionizable_L202,ionizable_OF-02,ionizable_Other,ionizable_SM-102,encapsulation_efficiency
50.0,10.0,38.5,1.5,173.6,0,0,0,0,0,1,0,0,0,0,0,0,0,0,0,0,78.45
50.0,10.0,38.5,1.5,182.6,0,0,0,0,0,1,0,0,0,0,0,0,0,0,0,0,88.62
50.0,10.0,38.5,1.5,129.2,0,0,0,0,0,1,0,0,0,0,0,0,0,0,0,0,85.73
50.0,10.0,38.5,1.5,125.4,0,0,0,0,0,1,0,0,0,0,0,0,0,0,0,0,85.71
50.0,10.0,38.5,1.5,126.6,0,0,0,0,0,1,0,0,0,0,0,0,0,0,0,0,76.7
50.0,10.0,38.5,1.5,134.6,0,0,0,0,0,1,0,0,0,0,0,0,0,0,0,0,83.02
50.0,10.0,38.5,1.5,139.4,0,0,0,0,0,1,0,0,0,0,0,0,0,0,0,0,86.24
40.0,30.0,28.5,1.5,112.0,0,0,0,0,0,0,0,0,0,0,0,0,0,1,0,0,90.0
25.5,28.5,45.0,1.0,120.0,0,0,0,0,0,0,0,0,0,0,0,0,0,1,0,0,91.0
40.3,43.7,14.9,1.1,125.0,0,0,0,0,0,0,0,0,0,0,0,0,0,1,0,0,89.0
29.0,48.3,21.7,1.0,119.0,0,0,0,0,0,0,0,0,0,0,0,0,0,1,0,0,91.0
56.5,10.0,31.8,1.7,117.0,0,0,0,0,0,0,0,0,0,0,0,0,0,1,0,0,65.0
52.7,17.5,28.7,1.1,125.0,0,0,0,0,0,0,0,0,0,0,0,0,0,1,0,0,88.0
34.9,47.7,16.3,1.1,119.0,0,0,0,0,0,0,0,0,0,0,0,0,0,1,0,0,91.0
59.9,17.0,20.2,2.9,100.0,0,0,0,0,0,0,0,0,0,0,0,0,0,1,0,0,70.0
20.4,33.9,42.1,3.6,93.0,0,0,0,0,0,0,0,0,0,0,0,0,0,1,0,0,76.0
54.8,33.1,10.1,2.0,110.0,0,0,0,0,0,0,0,0,0,0,0,0,0,1,0,0,86.0
39.7,30.6,27.3,2.5,99.0,0,0,0,0,0,0,0,0,0,0,0,0,0,1,0,0,85.0
49.1,13.7,33.4,3.8,98.0,0,0,0,0,0,0,0,0,0,0,0,0,0,1,0,0,66.0
38.6,15.9,44.4,1.1,115.0,0,0,0,0,0,0,0,0,0,0,0,0,0,1,0,0,94.0
40.7,32.2,26.1,1.0,128.0,0,0,0,0,0,0,0,0,0,0,0,0,0,1,0,0,95.0
39.7,30.6,27.3,2.5,92.0,0,0,0,0,0,0,0,0,0,0,0,0,0,1,0,0,84.0
23.1,33.7,41.4,1.8,93.0,0,0,0,0,0,0,0,0,0,0,0,0,0,1,0,0,90.0
30.6,45.0,21.7,2.7,92.0,0,0,0,0,0,0,0,0,0,0,0,0,0,1,0,0,76.0
54.4,10.2,32.4,3.0,102.0,0,0,0,0,0,0,0,0,0,0,0,0,0,1,0,0,64.0
40.3,35.6,20.9,3.2,95.0,0,0,0,0,0,0,0,0,0,0,0,0,0,1,0,0,74.0
39.1,12.6,44.4,3.8,97.0,0,0,0,0,0,0,0,0,0,0,0,0,0,1,0,0,73.0
22.5,39.7,33.8,4.0,90.0,0,0,0,0,0,0,0,0,0,0,0,0,0,1,0,0,70.0
25.6,48.5,22.7,3.2,96.0,0,0,0,0,0,0,0,0,0,0,0,0,0,1,0,0,71.0
40.0,30.0,28.5,1.5,90.0,0,0,0,0,0,0,0,0,0,0,0,0,0,1,0,0,88.0
46.3,9.4,42.7,1.6,183.3,0,0,1,0,0,0,0,0,0,0,0,0,0,0,0,0,80.0
46.3,9.4,42.7,1.6,70.0,0,0,1,0,0,0,0,0,0,0,0,0,0,0,0,0,80.0
46.3,9.4,42.7,1.6,65.0,0,0,1,0,0,0,0,0,0,0,0,0,0,0,0,0,80.0
46.3,9.4,42.7,1.6,65.0,0,0,1,0,0,0,0,0,0,0,0,0,0,0,0,0,80.0
46.3,9.4,42.7,1.6,65.0,0,0,1,0,0,0,0,0,0,0,0,0,0,0,0,0,80.0
46.3,9.4,42.7,1.6,70.6,0,0,1,0,0,0,0,0,0,0,0,0,0,0,0,0,80.0
46.3,9.4,42.7,1.6,75.0,0,0,1,0,0,0,0,0,0,0,0,0,0,0,0,0,80.0
46.3,9.4,42.7,1.6,92.8,0,0,1,0,0,0,0,0,0,0,0,0,0,0,0,0,60.0
60.0,20.0,19.5,0.5,108.0,0,0,0,0,0,1,0,0,0,0,0,0,0,0,0,0,92.08
35.0,16.0,46.5,2.5,213.2,0,0,0,0,0,1,0,0,0,0,0,0,0,0,0,0,52.8
35.0,16.0,46.5,2.5,221.9,0,0,0,0,0,1,0,0,0,0,0,0,0,0,0,0,69.7
35.0,16.0,46.5,2.5,185.3,0,0,0,0,0,1,0,0,0,0,0,0,0,0,0,0,57.4
35.0,16.0,46.5,2.5,205.6,0,0,0,0,0,1,0,0,0,0,0,0,0,0,0,0,63.0
35.0,16.0,46.5,2.5,219.7,0,0,0,0,0,1,0,0,0,0,0,0,0,0,0,0,51.5
35.0,16.0,46.5,2.5,214.6,0,0,0,0,0,1,0,0,0,0,0,0,0,0,0,0,76.9
35.0,16.0,46.5,2.5,182.5,0,0,0,0,0,1,0,0,0,0,0,0,0,0,0,0,73.4
35.0,16.0,46.5,2.5,217.0,0,0,0,0,0,1,0,0,0,0,0,0,0,0,0,0,77.6
35.0,16.0,46.5,2.5,150.1,0,0,0,0,0,1,0,0,0,0,0,0,0,0,0,0,71.6
35.0,16.0,46.5,2.5,214.9,0,0,0,0,0,1,0,0,0,0,0,0,0,0,0,0,78.3
35.0,16.0,46.5,2.5,145.8,0,0,0,0,0,1,0,0,0,0,0,0,0,0,0,0,73.0
35.0,16.0,46.5,2.5,143.6,0,0,0,0,0,1,0,0,0,0,0,0,0,0,0,0,74.5
35.0,16.0,46.5,2.5,210.3,0,0,0,0,0,1,0,0,0,0,0,0,0,0,0,0,54.4
35.0,16.0,46.5,2.5,182.5,0,0,0,0,0,1,0,0,0,0,0,0,0,0,0,0,59.8
35.0,16.0,46.5,2.5,206.3,0,0,0,0,0,1,0,0,0,0,0,0,0,0,0,0,51.3
35.0,16.0,46.5,2.5,221.1,0,0,0,0,0,1,0,0,0,0,0,0,0,0,0,0,75.1
35.0,16.0,46.5,2.5,212.3,0,0,0,0,0,1,0,0,0,0,0,0,0,0,0,0,54.8
35.0,16.0,46.5,2.5,173.2,0,0,0,0,0,1,0,0,0,0,0,0,0,0,0,0,85.6
35.0,16.0,46.5,2.5,136.4,0,0,0,0,0,1,0,0,0,0,0,0,0,0,0,0,84.3
35.0,16.0,46.5,2.5,138.3,0,0,0,0,0,1,0,0,0,0,0,0,0,0,0,0,75.1
35.0,16.0,46.5,2.5,116.2,0,0,0,0,0,1,0,0,0,0,0,0,0,0,0,0,85.7
35.0,16.0,46.5,2.5,110.5,0,0,0,0,0,1,0,0,0,0,0,0,0,0,0,0,77.3
35.0,16.0,46.5,2.5,149.1,0,0,0,0,0,1,0,0,0,0,0,0,0,0,0,0,71.9
35.0,16.0,46.5,2.5,151.5,0,0,0,0,0,1,0,0,0,0,0,0,0,0,0,0,87.1
35.0,16.0,46.5,2.5,164.2,0,0,0,0,0,1,0,0,0,0,0,0,0,0,0,0,48.1
35.0,16.0,46.5,2.5,186.2,0,0,0,0,0,1,0,0,0,0,0,0,0,0,0,0,66.2
35.0,16.0,46.5,2.5,169.9,0,0,0,0,0,1,0,0,0,0,0,0,0,0,0,0,54.9
35.0,16.0,46.5,2.5,172.1,0,0,0,0,0,1,0,0,0,0,0,0,0,0,0,0,50.9
35.0,16.0,46.5,2.5,153.1,0,0,0,0,0,1,0,0,0,0,0,0,0,0,0,0,48.7
35.0,16.0,46.5,2.5,135.1,0,0,0,0,0,1,0,0,0,0,0,0,0,0,0,0,69.4
35.0,16.0,46.5,2.5,167.1,0,0,0,0,0,1,0,0,0,0,0,0,0,0,0,0,54.9
35.0,16.0,46.5,2.5,164.2,0,0,0,0,0,1,0,0,0,0,0,0,0,0,0,0,73.2
35.0,16.0,46.5,2.5,157.1,0,0,0,0,0,1,0,0,0,0,0,0,0,0,0,0,53.1
35.0,16.0,46.5,2.5,171.9,0,0,0,0,0,1,0,0,0,0,0,0,0,0,0,0,64.1
35.0,16.0,46.5,2.5,166.8,0,0,0,0,0,1,0,0,0,0,0,0,0,0,0,0,57.3
35.0,16.0,46.5,2.5,160.8,0,0,0,0,0,1,0,0,0,0,0,0,0,0,0,0,58.4
35.0,16.0,46.5,2.5,150.3,0,0,0,0,0,1,0,0,0,0,0,0,0,0,0,0,39.2
35.0,16.0,46.5,2.5,154.9,0,0,0,0,0,1,0,0,0,0,0,0,0,0,0,0,42.5
35.0,16.0,46.5,2.5,159.3,0,0,0,0,0,1,0,0,0,0,0,0,0,0,0,0,48.8
35.0,16.0,46.5,2.5,151.4,0,0,0,0,0,1,0,0,0,0,0,0,0,0,0,0,49.6
35.0,16.0,46.5,2.5,135.4,0,0,0,0,0,1,0,0,0,0,0,0,0,0,0,0,46.8
35.0,16.0,46.5,2.5,156.2,0,0,0,0,0,1,0,0,0,0,0,0,0,0,0,0,37.0
35.0,16.0,46.5,2.5,158.1,0,0,0,0,0,1,0,0,0,0,0,0,0,0,0,0,53.4
35.0,16.0,46.5,2.5,176.0,0,0,0,0,0,1,0,0,0,0,0,0,0,0,0,0,77.9
35.0,16.0,46.5,2.5,167.4,0,0,0,0,0,1,0,0,0,0,0,0,0,0,0,0,60.2
35.0,16.0,46.5,2.5,159.8,0,0,0,0,0,1,0,0,0,0,0,0,0,0,0,0,66.7
35.0,16.0,46.5,2.5,143.2,0,0,0,0,0,1,0,0,0,0,0,0,0,0,0,0,45.5
35.0,16.0,46.5,2.5,174.6,0,0,0,0,0,1,0,0,0,0,0,0,0,0,0,0,63.3
35.0,16.0,46.5,2.5,175.2,0,0,0,0,0,1,0,0,0,0,0,0,0,0,0,0,78.5
35.0,16.0,46.5,2.5,163.1,0,0,0,0,0,1,0,0,0,0,0,0,0,0,0,0,78.8
35.0,16.0,46.5,2.5,162.2,0,0,0,0,0,1,0,0,0,0,0,0,0,0,0,0,79.3
35.0,16.0,46.5,2.5,159.9,0,0,0,0,0,1,0,0,0,0,0,0,0,0,0,0,77.9
35.0,16.0,46.5,2.5,162.3,0,0,0,0,0,1,0,0,0,0,0,0,0,0,0,0,79.0
35.0,16.0,46.5,2.5,151.7,0,0,0,0,0,1,0,0,0,0,0,0,0,0,0,0,79.4
35.0,16.0,46.5,2.5,155.1,0,0,0,0,0,1,0,0,0,0,0,0,0,0,0,0,57.8
35.0,16.0,46.5,2.5,151.7,0,0,0,0,0,1,0,0,0,0,0,0,0,0,0,0,63.9
35.0,16.0,46.5,2.5,162.3,0,0,0,0,0,1,0,0,0,0,0,0,0,0,0,0,41.8
35.0,16.0,46.5,2.5,140.8,0,0,0,0,0,1,0,0,0,0,0,0,0,0,0,0,40.6
35.0,16.0,46.5,2.5,173.5,0,0,0,0,0,1,0,0,0,0,0,0,0,0,0,0,57.6
35.0,16.0,46.5,2.5,146.7,0,0,0,0,0,1,0,0,0,0,0,0,0,0,0,0,59.2
35.0,16.0,46.5,2.5,161.7,0,0,0,0,0,1,0,0,0,0,0,0,0,0,0,0,46.9
35.0,16.0,46.5,2.5,168.9,0,0,0,0,0,1,0,0,0,0,0,0,0,0,0,0,65.6
35.0,16.0,46.5,2.5,169.2,0,0,0,0,0,1,0,0,0,0,0,0,0,0,0,0,54.3
35.0,16.0,46.5,2.5,184.3,0,0,0,0,0,1,0,0,0,0,0,0,0,0,0,0,48.0
35.0,16.0,46.5,2.5,173.9,0,0,0,0,0,1,0,0,0,0,0,0,0,0,0,0,47.1
35.0,16.0,46.5,2.5,154.3,0,0,0,0,0,1,0,0,0,0,0,0,0,0,0,0,37.2
35.0,16.0,46.5,2.5,192.2,0,0,0,0,0,1,0,0,0,0,0,0,0,0,0,0,77.8
35.0,16.0,46.5,2.5,178.9,0,0,0,0,0,1,0,0,0,0,0,0,0,0,0,0,84.0
35.0,16.0,46.5,2.5,193.7,0,0,0,0,0,1,0,0,0,0,0,0,0,0,0,0,74.6
35.0,16.0,46.5,2.5,181.2,0,0,0,0,0,1,0,0,0,0,0,0,0,0,0,0,82.2
35.0,16.0,46.5,2.5,195.1,0,0,0,0,0,1,0,0,0,0,0,0,0,0,0,0,81.0
35.0,16.0,46.5,2.5,181.8,0,0,0,0,0,1,0,0,0,0,0,0,0,0,0,0,79.8
35.0,16.0,46.5,2.5,203.4,0,0,0,0,0,1,0,0,0,0,0,0,0,0,0,0,85.2
35.0,16.0,46.5,2.5,174.0,0,0,0,0,0,1,0,0,0,0,0,0,0,0,0,0,81.2
35.0,16.0,46.5,2.5,164.2,0,0,0,0,0,1,0,0,0,0,0,0,0,0,0,0,85.1
35.0,16.0,46.5,2.5,143.6,0,0,0,0,0,1,0,0,0,0,0,0,0,0,0,0,85.3
35.0,16.0,46.5,2.5,195.5,0,0,0,0,0,1,0,0,0,0,0,0,0,0,0,0,80.6
35.0,16.0,46.5,2.5,179.2,0,0,0,0,0,1,0,0,0,0,0,0,0,0,0,0,80.6
35.0,16.0,46.5,2.5,181.7,0,0,0,0,0,1,0,0,0,0,0,0,0,0,0,0,83.1
35.0,16.0,46.5,2.5,141.6,0,0,0,0,0,1,0,0,0,0,0,0,0,0,0,0,82.4
35.0,16.0,46.5,2.5,171.4,0,0,0,0,0,1,0,0,0,0,0,0,0,0,0,0,78.5
35.0,16.0,46.5,2.5,155.0,0,0,0,0,0,1,0,0,0,0,0,0,0,0,0,0,79.7
35.0,16.0,46.5,2.5,156.3,0,0,0,0,0,1,0,0,0,0,0,0,0,0,0,0,82.4
35.0,16.0,46.5,2.5,190.5,0,0,0,0,0,1,0,0,0,0,0,0,0,0,0,0,83.4
35.0,16.0,46.5,2.5,191.3,0,0,0,0,0,1,0,0,0,0,0,0,0,0,0,0,84.4
35.0,16.0,46.5,2.5,190.4,0,0,0,0,0,1,0,0,0,0,0,0,0,0,0,0,84.2
35.0,16.0,46.5,2.5,204.3,0,0,0,0,0,1,0,0,0,0,0,0,0,0,0,0,81.8
35.0,16.0,46.5,2.5,169.6,0,0,0,0,0,1,0,0,0,0,0,0,0,0,0,0,86.8
35.0,16.0,46.5,2.5,201.5,0,0,0,0,0,1,0,0,0,0,0,0,0,0,0,0,82.4
35.0,16.0,46.5,2.5,162.3,0,0,0,0,0,1,0,0,0,0,0,0,0,0,0,0,83.2
35.0,16.0,46.5,2.5,143.2,0,0,0,0,0,1,0,0,0,0,0,0,0,0,0,0,75.9
35.0,16.0,46.5,2.5,126.7,0,0,0,0,0,1,0,0,0,0,0,0,0,0,0,0,85.5
35.0,16.0,46.5,2.5,113.9,0,0,0,0,0,1,0,0,0,0,0,0,0,0,0,0,73.8
35.0,16.0,46.5,2.5,115.4,0,0,0,0,0,1,0,0,0,0,0,0,0,0,0,0,75.1
35.0,16.0,46.5,2.5,109.2,0,0,0,0,0,1,0,0,0,0,0,0,0,0,0,0,80.4
35.0,16.0,46.5,2.5,114.1,0,0,0,0,0,1,0,0,0,0,0,0,0,0,0,0,84.9
50.0,10.0,38.5,1.5,71.48,0,0,0,0,0,0,0,0,0,0,0,0,0,0,0,1,92.3
50.0,10.0,38.5,1.5,82.84,0,0,0,0,0,0,0,0,0,0,0,0,0,0,0,1,92.9
26.5,20.0,52.0,1.5,69.41,0,0,0,0,0,0,0,0,0,0,0,0,0,0,1,0,91.7
26.5,20.0,52.0,1.5,68.29,0,0,0,0,0,0,0,0,0,0,0,0,0,0,1,0,91.1
26.5,20.0,52.4,1.1,78.37,0,0,0,0,0,0,0,0,0,0,0,0,0,0,1,0,89.5
35.0,16.0,46.5,2.5,105.0,0,0,0,0,0,1,0,0,0,0,0,0,0,0,0,0,65.0
35.0,16.0,46.5,2.5,120.0,0,0,0,0,0,0,0,0,0,0,0,0,0,0,1,0,47.0
35.0,16.0,46.5,2.5,85.0,0,0,0,0,0,0,0,0,0,0,0,0,0,0,1,0,95.0
35.0,16.0,46.5,2.5,90.0,0,0,0,0,0,1,0,0,0,0,0,0,0,0,0,0,62.0
35.0,16.0,46.5,2.5,82.0,0,0,0,0,1,0,0,0,0,0,0,0,0,0,0,0,87.0
35.0,16.0,46.5,2.5,88.0,0,0,0,0,0,1,0,0,0,0,0,0,0,0,0,0,74.0
35.0,16.0,46.5,2.5,108.0,0,0,0,0,0,1,0,0,0,0,0,0,0,0,0,0,68.0
35.0,16.0,46.5,2.5,98.0,0,0,0,0,0,1,0,0,0,0,0,0,0,0,0,0,50.0
35.0,16.0,46.5,2.5,95.0,0,0,0,0,0,1,0,0,0,0,0,0,0,0,0,0,58.0
46.3,9.4,41.8,2.5,66.55,0,0,0,0,0,0,0,0,0,0,1,0,0,0,0,0,93.176
46.3,9.4,42.7,1.6,78.57,0,0,0,0,0,0,0,0,0,0,1,0,0,0,0,0,92.391
50.0,10.0,38.4,1.6,96.95,0,0,0,0,0,0,0,0,0,0,1,0,0,0,0,0,96.439
50.0,10.0,38.5,1.5,94.42,0,0,0,0,0,0,0,0,0,0,1,0,0,0,0,0,95.558
50.0,10.0,38.4,1.6,92.45,0,0,0,0,0,0,0,0,0,0,1,0,0,0,0,0,91.141
50.0,10.0,38.4,1.6,75.26,0,0,0,0,0,0,0,0,0,0,0,1,0,0,0,0,93.162
50.0,10.0,38.5,1.5,77.76,0,0,0,0,0,0,0,0,0,0,0,1,0,0,0,0,91.161
50.0,10.0,38.4,1.6,78.82,0,0,0,0,0,0,0,0,0,0,0,1,0,0,0,0,92.526
50.0,10.0,38.5,1.5,82.88,0,0,0,0,0,0,0,0,0,0,0,1,0,0,0,0,92.043
46.3,9.4,42.7,1.6,69.44,0,0,0,0,0,0,0,0,0,0,0,1,0,0,0,0,90.146
50.0,10.0,37.5,2.5,82.11,0,0,0,0,0,0,0,0,0,0,0,1,0,0,0,0,92.571
46.3,9.4,41.8,2.5,51.13,0,0,0,0,0,0,0,0,0,1,0,0,0,0,0,0,91.816
46.3,9.4,42.7,1.6,50.99,0,0,0,0,0,0,0,0,0,1,0,0,0,0,0,0,93.363
50.0,10.0,38.5,1.5,51.89,0,0,0,0,0,0,0,0,0,1,0,0,0,0,0,0,91.361
50.0,10.0,37.5,2.5,57.25,0,0,0,0,0,0,0,0,0,1,0,0,0,0,0,0,90.261
50.0,10.0,37.5,2.5,57.0,0,0,0,0,0,0,0,0,0,1,0,0,0,0,0,0,93.491
50.0,10.0,38.4,1.6,57.13,0,0,0,0,0,0,0,0,0,1,0,0,0,0,0,0,90.138
50.0,10.0,38.4,1.6,55.88,0,0,0,0,0,0,0,1,0,0,0,0,0,0,0,0,79.216
50.0,10.0,37.5,2.5,57.44,0,0,0,0,0,0,0,1,0,0,0,0,0,0,0,0,74.532
50.0,10.0,37.5,2.5,56.43,0,0,0,0,0,0,0,1,0,0,0,0,0,0,0,0,84.168
46.3,9.4,42.7,1.6,51.82,0,0,0,0,0,0,0,1,0,0,0,0,0,0,0,0,75.923
50.0,10.0,38.4,1.6,56.13,0,0,0,0,0,0,0,1,0,0,0,0,0,0,0,0,80.542
46.3,8.4,42.8,2.5,51.08,0,0,0,0,0,0,0,1,0,0,0,0,0,0,0,0,77.349
50.0,10.0,38.5,1.5,54.7,0,0,0,0,0,0,0,1,0,0,0,0,0,0,0,0,85.416
50.0,38.5,10.0,1.5,63.5,0,0,0,0,0,0,0,0,0,0,0,0,0,0,0,1,95.0
50.0,10.0,38.5,1.5,213.5,0,0,0,0,0,0,0,0,0,0,0,0,1,0,0,0,66.5
50.0,10.0,38.5,1.5,83.0,0,0,0,0,0,0,0,0,0,0,0,0,1,0,0,0,96.0
50.0,10.0,38.5,1.5,77.0,0,0,0,0,0,0,0,0,0,0,0,0,1,0,0,0,96.0
50.0,10.0,38.5,1.5,200.0,0,0,0,0,0,0,0,0,0,0,0,0,1,0,0,0,97.0
50.0,10.0,38.5,1.5,186.0,0,0,0,0,0,0,0,0,0,0,0,0,1,0,0,0,97.0
50.0,10.0,38.5,1.5,81.0,0,0,0,0,0,0,0,0,0,0,0,0,1,0,0,0,96.0
50.0,10.0,38.5,1.5,109.0,0,0,0,0,0,0,0,0,0,0,0,0,1,0,0,0,96.0
50.0,10.0,38.5,1.5,139.0,0,0,0,0,0,0,0,0,0,0,0,0,1,0,0,0,92.0
50.0,10.0,38.5,1.5,199.0,0,0,0,0,0,0,0,0,0,0,0,0,1,0,0,0,97.0
46.3,9.5,42.7,1.5,104.0,0,0,1,0,0,0,0,0,0,0,0,0,0,0,0,0,90.0
46.3,9.5,42.7,1.5,120.0,0,0,1,0,0,0,0,0,0,0,0,0,0,0,0,0,32.0
46.3,9.5,42.7,1.5,71.0,0,0,1,0,0,0,0,0,0,0,0,0,0,0,0,0,88.0
35.0,16.0,46.5,2.5,106.97,0,0,0,0,0,1,0,0,0,0,0,0,0,0,0,0,94.84
35.0,16.0,46.5,2.5,100.77,0,0,0,0,0,1,0,0,0,0,0,0,0,0,0,0,89.74
35.0,16.0,46.5,2.5,97.96,0,0,0,0,0,1,0,0,0,0,0,0,0,0,0,0,88.11
35.0,16.0,46.5,2.5,93.44,0,0,0,0,0,1,0,0,0,0,0,0,0,0,0,0,94.86
35.0,16.0,46.5,2.5,116.6,0,0,0,0,0,1,0,0,0,0,0,0,0,0,0,0,93.77
35.0,16.0,46.5,2.5,114.57,0,0,0,0,0,1,0,0,0,0,0,0,0,0,0,0,75.34
35.0,16.0,46.5,2.5,96.88,0,0,0,0,0,1,0,0,0,0,0,0,0,0,0,0,86.34
35.0,16.0,46.5,2.5,94.61,0,0,0,0,0,1,0,0,0,0,0,0,0,0,0,0,84.45
35.0,16.0,46.5,2.5,101.1,0,0,0,0,0,1,0,0,0,0,0,0,0,0,0,0,77.28
35.0,16.0,46.5,2.5,120.03,0,0,0,0,0,1,0,0,0,0,0,0,0,0,0,0,93.77
35.0,16.0,46.5,2.5,101.8,0,0,0,0,0,1,0,0,0,0,0,0,0,0,0,0,74.39
35.0,16.0,46.5,2.5,102.97,0,0,0,0,0,1,0,0,0,0,0,0,0,0,0,0,73.75
35.0,16.0,46.5,2.5,129.77,0,0,0,0,0,1,0,0,0,0,0,0,0,0,0,0,71.51
35.0,16.0,46.5,2.5,82.11,0,0,0,0,1,0,0,0,0,0,0,0,0,0,0,0,88.31
50.0,10.0,38.5,1.5,92.32,0,0,0,0,0,0,0,1,0,0,0,0,0,0,0,0,89.45
50.0,10.0,38.5,1.5,107.0,0,0,0,1,0,0,0,0,0,0,0,0,0,0,0,0,96.0
50.0,10.0,38.5,3.0,97.0,0,0,0,1,0,0,0,0,0,0,0,0,0,0,0,0,96.0
50.0,10.0,38.5,5.0,83.0,0,0,0,1,0,0,0,0,0,0,0,0,0,0,0,0,76.0
50.0,10.0,38.5,1.5,145.0,0,0,0,1,0,0,0,0,0,0,0,0,0,0,0,0,94.0
50.0,10.0,38.5,3.0,113.0,0,0,0,1,0,0,0,0,0,0,0,0,0,0,0,0,92.0
50.0,10.0,38.5,5.0,98.0,0,0,0,1,0,0,0,0,0,0,0,0,0,0,0,0,82.0
35.0,16.0,46.5,2.5,71.0,0,0,0,1,0,0,0,0,0,0,0,0,0,0,0,0,96.0
35.0,16.0,46.5,5.0,62.0,0,0,0,1,0,0,0,0,0,0,0,0,0,0,0,0,95.0
35.0,16.0,46.5,5.0,61.0,0,0,0,1,0,0,0,0,0,0,0,0,0,0,0,0,95.0
35.0,16.0,46.5,5.0,54.0,0,0,0,1,0,0,0,0,0,0,0,0,0,0,0,0,94.0
60.0,20.0,19.0,1.0,118.9,0,0,0,0,0,0,0,1,0,0,0,0,0,0,0,0,91.5
45.0,20.0,34.0,1.0,109.9,0,0,0,0,0,0,0,1,0,0,0,0,0,0,0,0,92.8
45.0,5.0,49.0,1.0,112.9,0,0,0,0,0,0,0,1,0,0,0,0,0,0,0,0,93.4
50.0,10.0,38.5,1.5,123.3,0,0,0,0,0,0,0,1,0,0,0,0,0,0,0,0,87.2
45.0,20.0,34.0,1.0,109.8,0,0,0,0,0,0,0,0,0,0,0,0,0,0,0,1,93.9
50.0,10.0,38.5,1.5,111.2,0,0,0,0,0,0,0,0,0,0,0,0,0,0,0,1,89.8
45.0,20.0,34.0,1.0,108.1,0,0,1,0,0,0,0,0,0,0,0,0,0,0,0,0,91.2
46.3,9.4,42.7,1.6,113.9,0,0,1,0,0,0,0,0,0,0,0,0,0,0,0,0,88.7
45.0,20.0,34.0,1.0,78.7,0,0,0,0,0,0,0,0,0,0,0,0,0,0,0,1,88.0
45.0,20.0,34.0,1.0,92.16,0,0,1,0,0,0,0,0,0,0,0,0,0,0,0,0,84.0
45.0,20.0,34.0,1.0,85.05,0,0,0,0,0,1,0,0,0,0,0,0,0,0,0,0,93.0
45.0,20.0,34.0,1.0,81.65,0,0,0,0,0,1,0,0,0,0,0,0,0,0,0,0,91.0
45.0,20.0,34.0,1.0,93.4,0,0,0,0,0,1,0,0,0,0,0,0,0,0,0,0,93.0
45.0,20.0,34.0,1.0,87.39,0,0,0,0,0,1,0,0,0,0,0,0,0,0,0,0,90.0
45.0,20.0,34.0,1.0,87.48,0,0,0,0,0,1,0,0,0,0,0,0,0,0,0,0,90.0
45.0,20.0,34.0,1.0,62.6,0,0,0,0,0,1,0,0,0,0,0,0,0,0,0,0,78.0
50.0,10.0,35.0,5.0,52.0,0,0,0,0,0,0,0,1,0,0,0,0,0,0,0,0,79.0
50.0,10.0,39.5,0.5,216.0,0,0,0,0,0,0,0,1,0,0,0,0,0,0,0,0,95.0
50.0,10.0,38.5,1.5,70.0,0,0,0,0,0,0,0,1,0,0,0,0,0,0,0,0,85.0
50.0,10.0,38.5,1.5,70.0,0,0,0,0,0,0,0,1,0,0,0,0,0,0,0,0,85.0
50.0,10.0,38.5,1.5,57.5,0,0,0,0,0,0,0,1,0,0,0,0,0,0,0,0,90.0
50.0,10.0,38.5,1.5,52.0,0,0,0,0,0,0,0,1,0,0,0,0,0,0,0,0,90.0
50.0,10.0,38.5,1.5,160.0,0,0,0,0,0,0,0,1,0,0,0,0,0,0,0,0,60.0
50.0,10.0,38.0,2.0,199.0,0,0,0,0,0,0,0,1,0,0,0,0,0,0,0,0,82.64
50.0,10.0,38.0,2.0,95.8,0,0,0,0,0,0,0,1,0,0,0,0,0,0,0,0,94.37
50.0,10.0,38.0,2.0,85.2,0,0,0,0,0,0,0,1,0,0,0,0,0,0,0,0,99.43
50.0,10.0,38.0,2.0,175.0,0,0,0,0,0,0,1,0,0,0,0,0,0,0,0,0,65.75
50.0,10.0,38.0,2.0,90.6,0,0,0,0,0,0,1,0,0,0,0,0,0,0,0,0,91.95
50.0,10.0,38.0,2.0,90.1,0,0,0,0,0,0,1,0,0,0,0,0,0,0,0,0,98.94
50.0,38.5,10.0,1.5,89.3,0,0,0,0,0,0,0,0,0,0,0,0,0,0,1,0,94.0
50.0,38.5,10.0,1.5,89.1,0,0,0,0,0,0,0,0,0,0,0,0,0,0,1,0,75.2
50.0,38.5,10.0,1.5,93.2,0,0,0,0,0,1,0,0,0,0,0,0,0,0,0,0,63.1
50.0,38.5,10.0,1.5,102.4,0,0,0,0,0,1,0,0,0,0,0,0,0,0,0,0,81.9
50.0,38.5,10.0,1.5,84.5,0,0,0,0,0,1,0,0,0,0,0,0,0,0,0,0,94.6
50.0,38.5,10.0,1.5,93.4,0,0,0,0,0,1,0,0,0,0,0,0,0,0,0,0,63.4
50.0,38.5,10.0,1.5,91.3,0,0,0,0,0,1,0,0,0,0,0,0,0,0,0,0,78.6
50.0,38.5,10.0,1.5,88.1,0,0,0,0,0,1,0,0,0,0,0,0,0,0,0,0,90.9
50.0,38.5,10.0,1.5,84.3,0,0,0,0,0,1,0,0,0,0,0,0,0,0,0,0,94.5
50.0,38.5,10.0,1.5,52.8,0,0,0,0,0,1,0,0,0,0,0,0,0,0,0,0,100.3
50.0,38.5,10.0,1.5,96.7,0,0,0,0,0,1,0,0,0,0,0,0,0,0,0,0,51.6
50.0,38.5,10.0,1.5,69.7,0,0,0,0,0,1,0,0,0,0,0,0,0,0,0,0,99.5
50.0,38.5,10.0,1.5,94.2,0,0,0,0,0,1,0,0,0,0,0,0,0,0,0,0,97.7
50.0,38.5,10.0,1.5,98.8,0,0,0,0,0,1,0,0,0,0,0,0,0,0,0,0,78.3
50.0,38.5,10.0,1.5,53.4,0,0,0,0,0,1,0,0,0,0,0,0,0,0,0,0,98.6
50.0,38.5,10.0,1.5,75.4,0,0,0,0,0,1,0,0,0,0,0,0,0,0,0,0,99.5
50.0,38.5,10.0,1.5,59.9,0,0,0,0,0,1,0,0,0,0,0,0,0,0,0,0,98.8
50.0,38.5,10.0,1.5,109.0,0,0,0,0,0,1,0,0,0,0,0,0,0,0,0,0,98.7
50.0,38.5,10.0,1.5,94.8,0,0,0,0,0,1,0,0,0,0,0,0,0,0,0,0,96.8
50.0,38.5,10.0,1.5,60.9,0,0,0,0,0,1,0,0,0,0,0,0,0,0,0,0,98.9
50.0,38.5,10.0,1.5,69.3,0,0,0,0,0,1,0,0,0,0,0,0,0,0,0,0,100.2
50.0,38.5,10.0,1.5,123.9,0,0,0,0,0,1,0,0,0,0,0,0,0,0,0,0,75.1
50.0,38.5,10.0,1.5,102.2,0,0,0,0,0,1,0,0,0,0,0,0,0,0,0,0,93.5
50.0,38.5,10.0,1.5,84.4,0,0,0,0,0,1,0,0,0,0,0,0,0,0,0,0,89.6
50.0,38.5,10.0,1.5,78.1,0,0,0,0,0,1,0,0,0,0,0,0,0,0,0,0,77.9
50.0,38.5,10.0,1.5,77.1,0,0,0,0,0,1,0,0,0,0,0,0,0,0,0,0,95.1
50.0,38.5,10.0,1.5,63.4,0,0,0,0,0,1,0,0,0,0,0,0,0,0,0,0,83.0
50.0,38.5,10.0,1.5,98.8,0,0,0,0,0,1,0,0,0,0,0,0,0,0,0,0,93.8
50.0,38.5,10.0,1.5,67.0,0,0,0,0,0,1,0,0,0,0,0,0,0,0,0,0,90.4
50.0,38.5,10.0,1.5,73.2,0,0,0,0,0,1,0,0,0,0,0,0,0,0,0,0,97.6
50.0,38.5,10.0,1.5,83.2,0,0,0,0,0,1,0,0,0,0,0,0,0,0,0,0,96.0
50.0,38.5,10.0,1.5,98.7,0,0,0,0,0,1,0,0,0,0,0,0,0,0,0,0,98.1
50.0,38.5,10.0,1.5,96.3,0,0,0,0,0,1,0,0,0,0,0,0,0,0,0,0,97.5
50.0,38.5,10.0,1.5,60.4,0,0,0,0,0,1,0,0,0,0,0,0,0,0,0,0,99.0
50.0,38.5,10.0,1.5,92.0,0,0,0,0,0,1,0,0,0,0,0,0,0,0,0,0,97.6
50.0,38.5,10.0,1.5,104.4,0,0,0,0,0,1,0,0,0,0,0,0,0,0,0,0,95.3
50.0,38.5,10.0,1.5,75.8,0,0,0,0,0,1,0,0,0,0,0,0,0,0,0,0,95.0
50.0,38.5,10.0,1.5,57.6,0,0,0,0,0,1,0,0,0,0,0,0,0,0,0,0,83.0
50.0,38.5,10.0,1.5,89.4,0,0,0,0,0,1,0,0,0,0,0,0,0,0,0,0,99.0
50.0,38.5,10.0,1.5,65.9,0,0,0,0,0,1,0,0,0,0,0,0,0,0,0,0,99.0
38.5,30.0,30.0,1.5,95.0,1,0,0,0,0,0,0,0,0,0,0,0,0,0,0,0,93.0
38.5,30.0,30.0,1.5,102.0,1,0,0,0,0,0,0,0,0,0,0,0,0,0,0,0,65.0
38.5,30.0,30.0,1.5,133.0,1,0,0,0,0,0,0,0,0,0,0,0,0,0,0,0,88.0
38.5,30.0,30.0,1.5,167.0,1,0,0,0,0,0,0,0,0,0,0,0,0,0,0,0,84.0
38.5,30.0,30.0,1.5,85.0,1,0,0,0,0,0,0,0,0,0,0,0,0,0,0,0,82.0
38.5,30.0,30.0,1.5,115.0,1,0,0,0,0,0,0,0,0,0,0,0,0,0,0,0,72.0
38.5,30.0,30.0,1.5,147.0,1,0,0,0,0,0,0,0,0,0,0,0,0,0,0,0,48.0
38.5,30.0,30.0,1.5,126.0,1,0,0,0,0,0,0,0,0,0,0,0,0,0,0,0,67.0
38.5,30.0,30.0,1.5,130.0,1,0,0,0,0,0,0,0,0,0,0,0,0,0,0,0,70.0
38.5,30.0,30.0,1.5,135.0,1,0,0,0,0,0,0,0,0,0,0,0,0,0,0,0,68.0
38.5,30.0,30.0,1.5,122.0,1,0,0,0,0,0,0,0,0,0,0,0,0,0,0,0,69.0
38.5,30.0,30.0,1.5,128.0,1,0,0,0,0,0,0,0,0,0,0,0,0,0,0,0,57.0
38.5,30.0,30.0,1.5,232.0,1,0,0,0,0,0,0,0,0,0,0,0,0,0,0,0,78.0
50.0,10.0,38.5,1.5,120.5,0,0,0,0,0,0,0,1,0,0,0,0,0,0,0,0,94.2
50.0,10.5,38.5,1.5,120.5,0,0,0,0,0,0,0,1,0,0,0,0,0,0,0,0,94.2
50.0,10.0,38.5,1.5,113.0,0,0,0,0,0,0,0,1,0,0,0,0,0,0,0,0,95.6
40.0,10.0,49.0,1.0,189.5,0,0,0,0,0,0,0,1,0,0,0,0,0,0,0,0,85.0
40.0,10.0,49.0,1.0,151.3,0,0,0,0,0,0,0,1,0,0,0,0,0,0,0,0,85.0
40.0,10.0,49.0,1.0,101.7,0,0,0,0,0,0,0,1,0,0,0,0,0,0,0,0,85.0
40.0,10.0,49.0,1.0,173.8,0,0,0,0,0,0,0,1,0,0,0,0,0,0,0,0,85.0
40.0,10.0,49.0,1.0,103.2,0,0,0,0,0,0,0,1,0,0,0,0,0,0,0,0,85.0
40.0,10.0,49.0,1.0,211.9,0,0,0,0,0,0,0,1,0,0,0,0,0,0,0,0,85.0
40.0,10.0,49.0,1.0,156.7,0,0,0,0,0,0,0,1,0,0,0,0,0,0,0,0,85.0
40.0,10.0,47.0,3.0,98.4,0,0,0,0,0,0,0,1,0,0,0,0,0,0,0,0,85.0
40.0,10.0,49.0,1.0,107.2,0,0,0,0,0,0,0,1,0,0,0,0,0,0,0,0,85.0
40.0,10.0,49.0,1.0,212.1,0,0,0,0,0,0,0,1,0,0,0,0,0,0,0,0,85.0
40.0,10.0,49.0,1.0,132.2,0,0,0,0,0,0,0,1,0,0,0,0,0,0,0,0,85.0
40.0,10.0,49.0,1.0,104.6,0,0,0,0,0,0,0,1,0,0,0,0,0,0,0,0,85.0
40.0,10.0,49.0,1.0,116.9,0,0,0,0,0,0,0,1,0,0,0,0,0,0,0,0,85.0
40.0,10.0,49.0,1.0,114.7,0,0,0,0,0,0,0,1,0,0,0,0,0,0,0,0,85.0
40.0,10.0,49.0,1.0,147.7,0,0,0,0,0,0,0,1,0,0,0,0,0,0,0,0,85.0
40.0,10.0,47.0,3.0,114.7,0,0,0,0,0,0,0,1,0,0,0,0,0,0,0,0,85.0
40.0,10.0,49.0,1.0,195.8,0,0,0,0,0,0,0,1,0,0,0,0,0,0,0,0,85.0
40.0,10.0,49.0,1.0,115.6,0,0,0,0,0,0,0,1,0,0,0,0,0,0,0,0,85.0
40.0,10.0,49.0,1.0,120.0,0,0,0,0,0,0,0,1,0,0,0,0,0,0,0,0,85.0
26.5,20.0,52.0,1.0,97.0,0,0,0,0,0,0,0,0,0,0,0,0,0,0,1,0,88.3
26.5,20.0,51.5,1.5,68.0,0,0,0,0,0,0,0,0,0,0,0,0,0,0,1,0,90.1
26.5,20.0,50.5,3.0,58.0,0,0,0,0,0,0,0,0,0,0,0,0,0,0,1,0,80.1
35.0,46.5,16.0,2.5,92.3,0,0,0,0,0,1,0,0,0,0,0,0,0,0,0,0,88.0
35.0,46.5,16.0,2.5,64.6,0,0,0,0,0,1,0,0,0,0,0,0,0,0,0,0,96.7
35.0,46.5,16.0,2.5,92.9,0,0,0,0,0,1,0,0,0,0,0,0,0,0,0,0,97.5
35.0,46.5,16.0,2.5,96.5,0,0,0,0,0,1,0,0,0,0,0,0,0,0,0,0,84.6
35.0,46.5,16.0,2.5,135.2,0,0,0,0,0,1,0,0,0,0,0,0,0,0,0,0,87.9
35.0,46.5,16.0,2.5,102.8,0,0,0,0,0,1,0,0,0,0,0,0,0,0,0,0,89.8
35.0,46.5,16.0,2.5,116.0,0,0,0,0,0,1,0,0,0,0,0,0,0,0,0,0,81.3
35.0,46.5,16.0,2.5,115.5,0,0,0,0,0,1,0,0,0,0,0,0,0,0,0,0,86.3
35.0,46.5,16.0,2.5,82.5,0,0,0,0,0,1,0,0,0,0,0,0,0,0,0,0,86.2
35.0,46.5,16.0,2.5,85.8,0,0,0,0,0,1,0,0,0,0,0,0,0,0,0,0,96.0
35.0,46.5,16.0,2.5,94.1,0,0,0,0,0,1,0,0,0,0,0,0,0,0,0,0,95.0
35.0,46.5,16.0,2.5,118.6,0,0,0,0,0,1,0,0,0,0,0,0,0,0,0,0,96.1
35.0,46.5,16.0,2.5,105.4,0,0,0,0,0,1,0,0,0,0,0,0,0,0,0,0,74.0
35.0,46.5,16.0,2.5,102.3,0,0,0,0,0,1,0,0,0,0,0,0,0,0,0,0,92.6
35.0,16.0,46.5,2.5,86.7,0,0,0,0,0,0,0,0,0,0,0,0,0,0,1,0,65.5
35.0,16.0,46.5,2.5,85.0,0,0,0,0,0,1,0,0,0,0,0,0,0,0,0,0,75.2
35.0,16.0,46.5,2.5,99.5,0,0,0,0,0,1,0,0,0,0,0,0,0,0,0,0,72.5
50.0,10.0,38.5,1.5,80.0,0,0,0,0,0,0,0,1,0,0,0,0,0,0,0,0,95.0
50.0,10.0,38.5,1.5,90.0,0,0,0,0,0,0,0,1,0,0,0,0,0,0,0,0,92.0
50.0,10.0,38.5,1.5,85.0,0,0,0,0,0,0,0,1,0,0,0,0,0,0,0,0,90.0
50.0,10.0,38.5,1.5,95.0,0,0,0,0,0,0,0,1,0,0,0,0,0,0,0,0,88.0
50.0,10.0,38.5,1.5,100.0,0,0,0,0,0,0,0,1,0,0,0,0,0,0,0,0,85.0
50.0,10.0,38.5,1.5,96.0,0,0,0,0,0,0,0,1,0,0,0,0,0,0,0,0,84.5
50.0,10.0,38.5,1.5,96.0,0,0,0,0,0,0,0,0,0,0,1,0,0,0,0,0,84.5
50.0,10.0,38.5,1.5,86.5,0,0,0,0,0,1,0,0,0,0,0,0,0,0,0,0,72.0
50.0,10.0,38.5,1.5,86.5,0,0,0,0,0,1,0,0,0,0,0,0,0,0,0,0,72.0
50.0,10.0,38.5,1.5,86.5,0,0,0,0,0,1,0,0,0,0,0,0,0,0,0,0,72.0
50.0,10.0,38.5,1.5,86.5,0,0,0,0,0,1,0,0,0,0,0,0,0,0,0,0,72.0
50.0,10.0,38.5,1.5,86.5,0,0,0,0,0,1,0,0,0,0,0,0,0,0,0,0,72.0
40.0,4.0,53.5,2.5,82.4,0,0,0,0,1,0,0,0,0,0,0,0,0,0,0,0,67.5
60.0,10.0,29.5,0.5,90.77,0,0,0,0,1,0,0,0,0,0,0,0,0,0,0,0,33.7
40.0,28.0,28.5,3.5,78.53,0,0,0,0,1,0,0,0,0,0,0,0,0,0,0,0,48.9
40.0,28.0,29.5,2.5,81.49,0,0,0,0,1,0,0,0,0,0,0,0,0,0,0,0,92.8
40.0,22.0,35.0,3.0,74.42,0,0,0,0,1,0,0,0,0,0,0,0,0,0,0,0,95.7
35.0,22.0,40.0,3.0,82.03,0,0,0,0,1,0,0,0,0,0,0,0,0,0,0,0,90.7
35.0,22.0,39.5,3.5,79.23,0,0,0,0,1,0,0,0,0,0,0,0,0,0,0,0,49.9
30.0,16.0,51.0,3.0,83.25,0,0,0,0,1,0,0,0,0,0,0,0,0,0,0,0,91.3
30.0,16.0,51.5,2.5,81.4,0,0,0,0,1,0,0,0,0,0,0,0,0,0,0,0,92.7
40.0,16.0,42.5,1.5,75.58,0,0,0,0,1,0,0,0,0,0,0,0,0,0,0,0,89.1
35.0,16.0,46.5,2.5,83.55,0,0,0,0,1,0,0,0,0,0,0,0,0,0,0,0,89.8
35.0,16.0,46.5,2.5,88.09,0,0,0,0,1,0,0,0,0,0,0,0,0,0,0,0,88.4
35.0,16.0,46.5,2.5,83.36,0,0,0,0,1,0,0,0,0,0,0,0,0,0,0,0,87.4
35.0,16.0,46.5,2.5,77.32,0,0,0,0,1,0,0,0,0,0,0,0,0,0,0,0,76.6
35.0,16.0,46.5,2.5,84.71,0,0,0,0,1,0,0,0,0,0,0,0,0,0,0,0,88.7
35.0,16.0,46.5,2.5,80.85,0,0,0,0,1,0,0,0,0,0,0,0,0,0,0,0,86.1
94.0,2.5,2.5,1.0,190.0,0,0,0,0,0,0,1,0,0,0,0,0,0,0,0,0,40.0
79.0,10.0,10.0,1.0,175.0,0,0,0,0,0,0,1,0,0,0,0,0,0,0,0,0,75.0
59.0,20.0,20.0,1.0,125.0,0,0,0,0,0,0,1,0,0,0,0,0,0,0,0,0,78.0
39.0,30.0,30.0,1.0,78.0,0,0,0,0,0,0,1,0,0,0,0,0,0,0,0,0,80.0
19.0,40.0,40.0,1.0,65.0,0,0,0,0,0,0,1,0,0,0,0,0,0,0,0,0,79.0
45.0,10.0,42.5,2.5,87.6,0,1,0,0,0,0,0,0,0,0,0,0,0,0,0,0,45.5
35.0,25.0,37.5,2.5,99.9,0,1,0,0,0,0,0,0,0,0,0,0,0,0,0,0,61.3
50.0,16.0,32.5,1.5,76.9,0,1,0,0,0,0,0,0,0,0,0,0,0,0,0,0,55.3
50.0,16.0,31.1,2.9,101.0,0,1,0,0,0,0,0,0,0,0,0,0,0,0,0,0,60.6
50.0,16.0,32.5,1.5,259.6,0,1,0,0,0,0,0,0,0,0,0,0,0,0,0,0,25.5
35.0,7.0,57.5,0.5,115.9,0,1,0,0,0,0,0,0,0,0,0,0,0,0,0,0,64.7
65.0,7.0,27.5,0.5,137.9,0,1,0,0,0,0,0,0,0,0,0,0,0,0,0,0,57.9
65.0,25.0,7.5,2.5,167.9,0,1,0,0,0,0,0,0,0,0,0,0,0,0,0,0,22.5
50.0,16.0,32.5,1.5,122.4,0,1,0,0,0,0,0,0,0,0,0,0,0,0,0,0,96.4
50.0,16.0,32.5,1.5,95.9,0,1,0,0,0,0,0,0,0,0,0,0,0,0,0,0,59.5
71.2,16.0,11.3,1.5,72.3,0,1,0,0,0,0,0,0,0,0,0,0,0,0,0,0,56.4
50.0,16.0,32.5,1.5,94.0,0,1,0,0,0,0,0,0,0,0,0,0,0,0,0,0,68.1
28.8,16.0,53.7,1.5,84.9,0,1,0,0,0,0,0,0,0,0,0,0,0,0,0,0,64.3
65.0,7.0,25.5,2.5,127.8,0,1,0,0,0,0,0,0,0,0,0,0,0,0,0,0,57.2
50.0,16.0,32.5,1.5,84.9,0,1,0,0,0,0,0,0,0,0,0,0,0,0,0,0,57.5
35.0,7.0,55.5,2.5,108.7,0,1,0,0,0,0,0,0,0,0,0,0,0,0,0,0,65.2
50.0,3.3,45.2,1.5,94.9,0,1,0,0,0,0,0,0,0,0,0,0,0,0,0,0,21.7
50.0,16.0,32.5,1.5,91.8,0,1,0,0,0,0,0,0,0,0,0,0,0,0,0,0,70.2
35.0,25.0,39.5,0.5,129.4,0,1,0,0,0,0,0,0,0,0,0,0,0,0,0,0,53.9
50.0,28.7,19.8,1.5,83.2,0,1,0,0,0,0,0,0,0,0,0,0,0,0,0,0,41.3
65.0,25.0,9.5,0.5,110.7,0,1,0,0,0,0,0,0,0,0,0,0,0,0,0,0,98.9
50.0,16.0,33.9,0.1,154.9,0,1,0,0,0,0,0,0,0,0,0,0,0,0,0,0,9.4
35.0,16.0,46.5,2.5,102.5,0,1,0,0,0,0,0,0,0,0,0,0,0,0,0,0,60.3
50.0,25.0,23.5,1.5,119.8,0,1,0,0,0,0,0,0,0,0,0,0,0,0,0,0,79.0
35.0,16.0,46.5,2.5,102.5,0,1,0,0,0,0,0,0,0,0,0,0,0,0,0,0,60.3
35.0,16.0,46.5,2.5,110.6,0,1,0,0,0,0,0,0,0,0,0,0,0,0,0,0,50.4
35.0,25.0,37.5,2.5,105.5,0,1,0,0,0,0,0,0,0,0,0,0,0,0,0,0,60.3
35.0,28.0,34.5,2.5,108.6,0,1,0,0,0,0,0,0,0,0,0,0,0,0,0,0,45.5
35.0,20.0,42.5,2.5,112.5,0,1,0,0,0,0,0,0,0,0,0,0,0,0,0,0,54.5
50.0,10.0,37.5,2.5,94.8,0,1,0,0,0,0,0,0,0,0,0,0,0,0,0,0,75.5
45.0,16.0,36.5,2.5,115.6,0,1,0,0,0,0,0,0,0,0,0,0,0,0,0,0,76.5
45.0,10.0,42.5,2.5,87.6,0,1,0,0,0,0,0,0,0,0,0,0,0,0,0,0,45.5
35.0,16.0,47.5,1.5,140.6,0,1,0,0,0,0,0,0,0,0,0,0,0,0,0,0,55.5
35.0,16.0,46.2,2.8,88.6,0,1,0,0,0,0,0,0,0,0,0,0,0,0,0,0,65.6
35.0,16.0,46.5,2.5,149.2,0,0,0,0,0,1,0,0,0,0,0,0,0,0,0,0,31.1
35.0,16.0,46.5,2.5,161.6,0,0,0,0,0,1,0,0,0,0,0,0,0,0,0,0,89.7
35.0,16.0,46.5,2.5,166.6,0,0,0,0,0,1,0,0,0,0,0,0,0,0,0,0,93.6
35.0,16.0,46.5,2.5,173.9,0,0,0,0,0,1,0,0,0,0,0,0,0,0,0,0,89.3
35.0,16.0,46.5,2.5,160.0,0,0,0,0,0,1,0,0,0,0,0,0,0,0,0,0,89.7
35.0,16.0,46.5,2.5,163.2,0,0,0,0,0,1,0,0,0,0,0,0,0,0,0,0,84.7
35.0,16.0,46.5,2.5,138.9,0,0,0,0,0,1,0,0,0,0,0,0,0,0,0,0,88.1
35.0,16.0,46.5,2.5,139.5,0,0,0,0,0,1,0,0,0,0,0,0,0,0,0,0,86.2
35.0,16.0,46.5,2.5,118.5,0,0,0,0,0,1,0,0,0,0,0,0,0,0,0,0,82.1
35.0,16.0,46.5,2.5,180.7,0,0,0,0,0,1,0,0,0,0,0,0,0,0,0,0,69.0
35.0,16.0,46.5,2.5,190.7,0,0,0,0,0,1,0,0,0,0,0,0,0,0,0,0,64.4
50.0,10.0,38.5,1.5,93.8,0,0,0,0,0,1,0,0,0,0,0,0,0,0,0,0,96.9
50.0,10.0,38.5,1.5,179.4,0,0,0,0,0,1,0,0,0,0,0,0,0,0,0,0,91.8
50.0,10.0,38.5,1.5,140.4,0,0,0,0,0,1,0,0,0,0,0,0,0,0,0,0,90.9
50.0,10.0,38.5,1.5,73.1,0,0,0,0,0,1,0,0,0,0,0,0,0,0,0,0,97.6
50.0,10.0,38.5,1.5,86.2,0,0,0,0,0,0,0,0,0,0,0,0,0,0,1,0,97.5
50.0,10.0,38.5,1.5,66.8,0,0,0,0,0,1,0,0,0,0,0,0,0,0,0,0,97.0
50.0,10.0,38.5,1.5,130.1,0,0,0,0,0,1,0,0,0,0,0,0,0,0,0,0,95.2
50.0,10.0,38.5,1.5,85.8,0,0,0,0,0,0,0,0,0,0,0,0,0,0,0,1,95.8
50.0,10.0,38.5,1.5,91.9,0,0,0,0,0,1,0,0,0,0,0,0,0,0,0,0,97.4
50.0,10.0,38.5,1.5,69.6,0,0,0,0,0,1,0,0,0,0,0,0,0,0,0,0,98.3
50.0,10.0,38.5,1.5,85.6,0,0,0,0,0,0,0,1,0,0,0,0,0,0,0,0,97.3
35.0,16.0,46.5,2.5,111.0,0,0,0,0,0,1,0,0,0,0,0,0,0,0,0,0,98.0
35.0,16.0,46.5,2.5,93.0,0,0,0,0,0,1,0,0,0,0,0,0,0,0,0,0,98.0
35.0,16.0,46.5,2.5,93.0,0,0,0,0,0,1,0,0,0,0,0,0,0,0,0,0,98.0
35.0,16.0,46.5,2.5,96.0,0,0,0,0,0,1,0,0,0,0,0,0,0,0,0,0,99.0
35.0,16.0,46.5,2.5,85.0,0,0,0,0,0,1,0,0,0,0,0,0,0,0,0,0,98.0
35.0,16.0,46.5,2.5,71.0,0,0,0,0,0,1,0,0,0,0,0,0,0,0,0,0,99.0
35.0,16.0,46.5,2.5,84.0,0,0,0,0,0,1,0,0,0,0,0,0,0,0,0,0,98.0
35.0,16.0,46.5,2.5,68.0,0,0,0,0,0,1,0,0,0,0,0,0,0,0,0,0,99.0
35.0,16.0,46.5,2.5,60.0,0,0,0,0,0,0,0,0,0,0,0,0,0,0,1,0,98.0
35.0,16.0,46.5,2.5,59.0,0,0,0,0,0,0,0,0,0,0,0,0,0,0,1,0,99.0
35.0,16.0,46.5,2.5,64.0,0,0,0,0,0,0,0,0,0,0,0,0,0,0,1,0,98.0
35.0,16.0,46.5,2.5,59.0,0,0,0,0,0,0,0,0,0,0,0,0,0,0,1,0,99.0
35.0,16.0,46.5,2.5,61.0,0,0,0,0,0,0,0,0,0,0,0,0,0,0,1,0,98.0
35.0,16.0,46.5,2.5,70.0,0,0,0,0,0,0,0,0,0,0,0,0,0,0,1,0,99.0
50.0,10.0,38.5,1.0,76.17,0,0,0,0,0,0,1,0,0,0,0,0,0,0,0,0,97.58
50.0,10.0,38.5,1.0,74.44,0,0,0,0,0,0,1,0,0,0,0,0,0,0,0,0,96.59
50.0,10.0,38.5,1.0,66.45,0,0,0,0,0,0,1,0,0,0,0,0,0,0,0,0,95.93
50.0,10.0,38.5,1.0,69.99,0,0,0,0,0,0,1,0,0,0,0,0,0,0,0,0,94.89
35.0,16.0,46.5,2.5,75.0,0,0,0,0,0,0,0,0,0,0,0,0,0,0,1,0,60.0
35.0,16.0,46.5,2.5,75.0,0,0,0,0,0,0,0,0,0,0,0,0,0,0,1,0,60.0
35.0,16.0,46.5,2.5,83.0,0,0,0,0,0,0,0,0,0,0,0,0,0,0,1,0,54.0
35.0,16.0,46.5,2.5,92.0,0,0,0,0,0,1,0,0,0,0,0,0,0,0,0,0,74.0
35.0,16.0,46.5,2.5,78.0,0,0,0,0,0,1,0,0,0,0,0,0,0,0,0,0,81.0
35.0,16.0,46.5,2.5,122.0,0,0,0,0,0,0,0,0,0,0,0,0,0,1,0,0,55.0
35.0,16.0,46.5,2.5,75.0,0,0,0,0,0,1,0,0,0,0,0,0,0,0,0,0,76.0
50.0,10.0,38.5,1.5,152.0,0,0,0,0,1,0,0,0,0,0,0,0,0,0,0,0,24.0
60.0,4.0,33.5,2.5,111.0,0,0,0,0,1,0,0,0,0,0,0,0,0,0,0,0,5.0
40.0,16.0,42.5,1.5,122.0,0,0,0,0,1,0,0,0,0,0,0,0,0,0,0,0,56.0
60.0,4.0,34.5,1.5,169.0,0,0,0,0,1,0,0,0,0,0,0,0,0,0,0,0,1.0
60.0,10.0,29.5,0.5,275.0,0,0,0,0,1,0,0,0,0,0,0,0,0,0,0,0,2.0
40.0,4.0,55.5,0.5,352.0,0,0,0,0,1,0,0,0,0,0,0,0,0,0,0,0,18.0
40.0,4.0,53.5,2.5,149.0,0,0,0,0,1,0,0,0,0,0,0,0,0,0,0,0,2.0
40.0,10.0,47.5,2.5,79.0,0,0,0,0,1,0,0,0,0,0,0,0,0,0,0,0,46.0
60.0,16.0,23.5,0.5,149.0,0,0,0,0,1,0,0,0,0,0,0,0,0,0,0,0,43.0
40.0,16.0,43.5,0.5,368.0,0,0,0,0,1,0,0,0,0,0,0,0,0,0,0,0,2.0
50.0,10.0,38.5,1.5,173.0,0,0,0,0,1,0,0,0,0,0,0,0,0,0,0,0,10.0
30.0,22.0,45.5,2.5,95.0,0,0,0,0,1,0,0,0,0,0,0,0,0,0,0,0,59.0
40.0,22.0,35.0,3.0,117.0,0,0,0,0,1,0,0,0,0,0,0,0,0,0,0,0,30.0
40.0,28.0,29.5,2.5,113.0,0,0,0,0,1,0,0,0,0,0,0,0,0,0,0,0,42.0
40.0,22.0,35.5,2.5,88.0,0,0,0,0,1,0,0,0,0,0,0,0,0,0,0,0,55.0
35.0,28.0,34.0,3.0,89.0,0,0,0,0,1,0,0,0,0,0,0,0,0,0,0,0,46.0
30.0,16.0,51.5,2.5,109.0,0,0,0,0,1,0,0,0,0,0,0,0,0,0,0,0,24.0
35.0,16.0,45.5,3.5,77.0,0,0,0,0,1,0,0,0,0,0,0,0,0,0,0,0,40.0
30.0,28.0,38.5,3.5,87.0,0,0,0,0,1,0,0,0,0,0,0,0,0,0,0,0,42.0
40.0,28.0,28.5,3.5,85.0,0,0,0,0,1,0,0,0,0,0,0,0,0,0,0,0,32.0
35.0,22.0,40.0,3.0,96.0,0,0,0,0,1,0,0,0,0,0,0,0,0,0,0,0,39.0
35.0,28.0,34.5,2.5,109.0,0,0,0,0,1,0,0,0,0,0,0,0,0,0,0,0,58.0
35.0,16.0,46.5,2.5,89.0,0,0,0,0,1,0,0,0,0,0,0,0,0,0,0,0,44.0
30.0,22.0,44.5,3.5,74.0,0,0,0,0,1,0,0,0,0,0,0,0,0,0,0,0,57.0
35.0,22.0,39.5,3.5,93.0,0,0,0,0,1,0,0,0,0,0,0,0,0,0,0,0,35.0
30.0,16.0,51.0,3.0,77.0,0,0,0,0,1,0,0,0,0,0,0,0,0,0,0,0,38.0
30.0,28.0,39.0,3.0,86.0,0,0,0,0,1,0,0,0,0,0,0,0,0,0,0,0,60.0
40.0,16.0,41.0,3.0,65.0,0,0,0,0,1,0,0,0,0,0,0,0,0,0,0,0,45.0
40.0,16.0,40.5,3.5,64.0,0,0,0,0,1,0,0,0,0,0,0,0,0,0,0,0,39.0
35.0,16.0,46.5,2.5,106.0,0,0,0,0,1,0,0,0,0,0,0,0,0,0,0,0,33.0
35.0,16.0,46.5,2.5,106.0,0,0,0,0,1,0,0,0,0,0,0,0,0,0,0,0,40.0
35.0,16.0,46.5,2.5,102.0,0,0,0,0,1,0,0,0,0,0,0,0,0,0,0,0,43.0
35.0,16.0,46.5,2.5,102.0,0,0,0,0,1,0,0,0,0,0,0,0,0,0,0,0,48.0
35.0,16.0,46.5,2.5,98.0,0,0,0,0,1,0,0,0,0,0,0,0,0,0,0,0,53.0
35.0,16.0,46.5,2.5,109.0,0,0,0,0,1,0,0,0,0,0,0,0,0,0,0,0,52.0
50.0,10.0,38.5,1.5,113.0,0,0,0,0,1,0,0,0,0,0,0,0,0,0,0,0,27.0
35.0,16.0,46.5,2.5,82.0,0,0,0,0,1,0,0,0,0,0,0,0,0,0,0,0,48.0
50.0,10.0,38.5,1.5,65.0,0,0,0,0,1,0,0,0,0,0,0,0,0,0,0,0,59.0
35.0,16.0,46.5,2.5,109.0,0,0,0,0,1,0,0,0,0,0,0,0,0,0,0,0,58.0
50.0,11.5,37.5,1.0,48.0,0,0,0,0,0,0,1,0,0,0,0,0,0,0,0,0,90.0
50.0,11.5,37.5,1.0,31.0,0,0,0,0,0,0,1,0,0,0,0,0,0,0,0,0,87.0
50.0,11.5,35.0,2.5,32.0,0,0,0,0,0,0,1,0,0,0,0,0,0,0,0,0,88.0
50.0,11.5,35.0,2.5,30.0,0,0,0,0,0,0,1,0,0,0,0,0,0,0,0,0,87.0
50.0,11.5,33.5,5.0,27.0,0,0,0,0,0,0,1,0,0,0,0,0,0,0,0,0,84.0
50.0,11.5,33.5,5.0,26.0,0,0,0,0,0,0,1,0,0,0,0,0,0,0,0,0,84.0
60.0,11.5,27.5,1.0,58.0,0,0,0,0,0,0,1,0,0,0,0,0,0,0,0,0,92.0
60.0,11.5,27.5,1.0,39.0,0,0,0,0,0,0,1,0,0,0,0,0,0,0,0,0,91.0
60.0,11.5,25.0,2.5,37.0,0,0,0,0,0,0,1,0,0,0,0,0,0,0,0,0,85.0
60.0,11.5,25.0,2.5,35.0,0,0,0,0,0,0,1,0,0,0,0,0,0,0,0,0,82.0
60.0,11.5,23.5,5.0,29.0,0,0,0,0,0,0,1,0,0,0,0,0,0,0,0,0,65.0
60.0,11.5,23.5,5.0,30.0,0,0,0,0,0,0,1,0,0,0,0,0,0,0,0,0,80.0
70.0,11.5,17.5,1.0,81.0,0,0,0,0,0,0,1,0,0,0,0,0,0,0,0,0,92.0
70.0,11.5,17.5,1.0,48.0,0,0,0,0,0,0,1,0,0,0,0,0,0,0,0,0,75.0
70.0,11.5,15.0,2.5,44.0,0,0,0,0,0,0,1,0,0,0,0,0,0,0,0,0,68.0
70.0,11.5,15.0,2.5,42.0,0,0,0,0,0,0,1,0,0,0,0,0,0,0,0,0,77.0
70.0,11.5,13.5,5.0,32.0,0,0,0,0,0,0,1,0,0,0,0,0,0,0,0,0,32.0
70.0,11.5,13.5,5.0,32.0,0,0,0,0,0,0,1,0,0,0,0,0,0,0,0,0,75.0
80.0,11.5,7.5,1.0,101.0,0,0,0,0,0,0,1,0,0,0,0,0,0,0,0,0,60.0
80.0,11.5,7.5,1.0,54.0,0,0,0,0,0,0,1,0,0,0,0,0,0,0,0,0,20.0
80.0,11.5,6.0,2.5,53.0,0,0,0,0,0,0,1,0,0,0,0,0,0,0,0,0,20.0
80.0,11.5,6.0,2.5,49.0,0,0,0,0,0,0,1,0,0,0,0,0,0,0,0,0,33.0
50.0,11.5,37.5,1.0,90.0,0,0,0,0,0,0,1,0,0,0,0,0,0,0,0,0,82.0
50.0,11.5,37.5,1.0,100.0,0,0,0,0,0,0,1,0,0,0,0,0,0,0,0,0,74.0
80.0,11.5,7.5,1.0,95.0,0,0,0,0,0,0,1,0,0,0,0,0,0,0,0,0,8.0
80.0,11.5,7.5,1.0,42.0,0,0,0,0,0,0,1,0,0,0,0,0,0,0,0,0,37.0
50.0,11.5,37.5,1.0,180.0,0,0,0,0,0,0,1,0,0,0,0,0,0,0,0,0,95.0
50.0,11.5,37.5,1.0,160.0,0,0,0,0,0,0,1,0,0,0,0,0,0,0,0,0,97.0
80.0,11.5,7.5,1.0,180.0,0,0,0,0,0,0,1,0,0,0,0,0,0,0,0,0,47.0
80.0,11.5,7.5,1.0,160.0,0,0,0,0,0,0,1,0,0,0,0,0,0,0,0,0,52.0
50.0,11.5,37.5,1.0,46.2,0,0,0,0,0,0,1,0,0,0,0,0,0,0,0,0,95.0
50.0,11.5,37.5,1.0,31.1,0,0,0,0,0,0,1,0,0,0,0,0,0,0,0,0,80.0
80.0,11.5,7.5,1.0,26.9,0,0,0,0,0,0,1,0,0,0,0,0,0,0,0,0,100.0
50.0,11.5,37.5,1.0,85.0,0,0,0,0,0,0,1,0,0,0,0,0,0,0,0,0,80.0
80.0,11.5,7.5,1.0,95.0,0,0,0,0,0,0,1,0,0,0,0,0,0,0,0,0,10.0
50.0,11.5,37.5,1.0,100.0,0,0,0,0,0,0,1,0,0,0,0,0,0,0,0,0,75.0
80.0,11.5,7.5,1.0,140.0,0,0,0,0,0,0,1,0,0,0,0,0,0,0,0,0,50.0
50.0,11.5,37.5,1.0,50.0,0,0,0,0,0,0,1,0,0,0,0,0,0,0,0,0,95.0
80.0,11.5,7.5,1.0,65.0,0,0,0,0,0,0,1,0,0,0,0,0,0,0,0,0,45.0
50.0,11.5,37.5,1.0,95.0,0,0,0,0,0,0,1,0,0,0,0,0,0,0,0,0,95.0
80.0,11.5,7.5,1.0,40.0,0,0,0,0,0,0,1,0,0,0,0,0,0,0,0,0,50.0
51.0,10.0,39.0,1.5,58.0,0,0,0,0,0,0,0,1,0,0,0,0,0,0,0,0,96.0
51.0,10.0,39.0,5.0,47.0,0,0,0,0,0,0,0,1,0,0,0,0,0,0,0,0,81.0
50.0,10.75,38.5,0.75,86.0,0,0,0,0,0,1,0,0,0,0,0,0,0,0,0,0,84.2
50.0,10.0,38.5,1.5,98.2,0,0,0,0,0,1,0,0,0,0,0,0,0,0,0,0,79.0
50.0,10.0,38.5,1.5,91.1,0,0,0,0,0,1,0,0,0,0,0,0,0,0,0,0,75.8
50.0,10.0,38.5,1.5,130.0,0,0,0,0,0,1,0,0,0,0,0,0,0,0,0,0,90.0
50.0,10.0,38.5,1.5,140.0,0,0,0,0,0,1,0,0,0,0,0,0,0,0,0,0,88.0
50.0,10.0,38.5,1.5,140.0,0,0,0,0,0,1,0,0,0,0,0,0,0,0,0,0,87.0
50.0,10.0,38.5,1.5,130.0,0,0,0,0,0,1,0,0,0,0,0,0,0,0,0,0,89.0
50.0,10.0,38.5,1.5,140.0,0,0,0,0,0,1,0,0,0,0,0,0,0,0,0,0,88.0
50.0,10.0,38.5,1.5,135.0,0,0,0,0,0,1,0,0,0,0,0,0,0,0,0,0,87.0
50.0,10.0,38.5,1.5,125.0,0,0,0,0,0,1,0,0,0,0,0,0,0,0,0,0,86.0
50.0,10.0,38.5,1.5,125.0,0,0,0,0,0,1,0,0,0,0,0,0,0,0,0,0,85.0
50.0,10.0,38.5,1.5,170.0,0,0,0,0,0,1,0,0,0,0,0,0,0,0,0,0,84.0
50.0,10.0,38.5,1.5,165.0,0,0,0,0,0,1,0,0,0,0,0,0,0,0,0,0,86.0
50.0,10.0,38.5,1.5,140.0,0,0,0,0,0,1,0,0,0,0,0,0,0,0,0,0,87.0
50.0,10.0,38.5,1.5,130.0,0,0,0,0,0,1,0,0,0,0,0,0,0,0,0,0,88.0
50.0,10.0,38.5,1.5,160.0,0,0,0,0,0,1,0,0,0,0,0,0,0,0,0,0,85.0
50.0,10.0,38.5,1.5,130.0,0,0,0,0,0,1,0,0,0,0,0,0,0,0,0,0,89.0
50.0,10.0,38.5,1.5,120.0,0,0,0,0,0,1,0,0,0,0,0,0,0,0,0,0,90.0
50.0,10.0,38.5,1.5,125.0,0,0,0,0,0,1,0,0,0,0,0,0,0,0,0,0,88.0
50.0,10.0,38.5,1.5,150.0,0,0,0,0,0,1,0,0,0,0,0,0,0,0,0,0,87.0
50.0,10.0,38.5,1.5,220.0,0,0,0,0,0,1,0,0,0,0,0,0,0,0,0,0,18.0
50.0,10.0,38.5,1.5,125.0,0,0,0,0,0,1,0,0,0,0,0,0,0,0,0,0,89.0
50.0,10.0,38.5,1.5,135.0,0,0,0,0,0,1,0,0,0,0,0,0,0,0,0,0,91.0
50.0,10.0,38.5,1.5,120.0,0,0,0,0,0,1,0,0,0,0,0,0,0,0,0,0,88.0
50.0,10.0,38.5,1.5,125.0,0,0,0,0,0,1,0,0,0,0,0,0,0,0,0,0,87.0
50.0,10.0,38.5,1.5,150.0,0,0,0,0,0,1,0,0,0,0,0,0,0,0,0,0,86.0
50.0,10.0,38.5,1.5,130.0,0,0,0,0,0,1,0,0,0,0,0,0,0,0,0,0,20.0
50.0,10.0,38.5,1.5,140.0,0,0,0,0,0,1,0,0,0,0,0,0,0,0,0,0,89.0
50.0,10.0,38.5,1.5,130.0,0,0,0,0,0,1,0,0,0,0,0,0,0,0,0,0,90.0
50.0,10.0,38.5,1.5,125.0,0,0,0,0,0,1,0,0,0,0,0,0,0,0,0,0,88.0
50.0,10.0,38.5,1.5,115.0,0,0,0,0,0,1,0,0,0,0,0,0,0,0,0,0,87.0
50.0,10.0,38.5,1.5,105.0,0,0,0,0,0,1,0,0,0,0,0,0,0,0,0,0,89.0
50.0,10.0,38.5,1.5,100.0,0,0,0,0,0,1,0,0,0,0,0,0,0,0,0,0,88.0
50.0,10.0,38.5,1.5,95.0,0,0,0,0,0,1,0,0,0,0,0,0,0,0,0,0,87.0
50.0,10.0,38.5,1.5,95.0,0,0,0,0,0,1,0,0,0,0,0,0,0,0,0,0,90.0
40.0,10.0,48.0,2.0,162.0,0,0,0,0,0,0,0,0,1,0,0,0,0,0,0,0,85.3
40.0,10.0,48.0,2.0,145.8,0,0,0,0,0,0,0,0,1,0,0,0,0,0,0,0,93.6
40.0,10.0,48.0,2.0,158.6,0,0,0,0,0,0,0,0,1,0,0,0,0,0,0,0,90.7
40.0,10.0,48.0,2.0,164.3,0,0,0,0,0,0,0,0,1,0,0,0,0,0,0,0,95.0
40.0,10.0,48.0,2.0,157.7,0,0,0,0,0,0,0,0,1,0,0,0,0,0,0,0,97.5
40.0,10.0,48.0,2.0,129.9,0,0,0,0,0,0,0,0,1,0,0,0,0,0,0,0,92.0
57.1,7.1,34.3,1.4,80.0,0,0,0,0,0,0,1,0,0,0,0,0,0,0,0,0,92.5
50.0,10.0,38.5,1.5,80.0,0,0,0,0,1,0,0,0,0,0,0,0,0,0,0,0,90.0
50.0,10.0,38.5,1.5,80.0,0,0,0,0,1,0,0,0,0,0,0,0,0,0,0,0,90.0
50.0,10.0,38.5,1.5,80.0,0,0,0,0,1,0,0,0,0,0,0,0,0,0,0,0,90.0
30.0,20.0,48.0,2.0,182.0,0,0,0,0,0,0,0,0,0,0,0,0,0,0,1,0,67.0
30.0,20.0,48.0,2.0,137.0,0,0,0,0,0,0,0,0,0,0,0,0,0,0,1,0,84.0
30.0,20.0,48.0,2.0,140.0,0,0,0,0,0,0,0,0,1,0,0,0,0,0,0,0,84.0
30.0,20.0,48.0,2.0,132.0,0,0,0,0,0,0,0,0,0,0,0,0,0,0,1,0,85.0
